{"0": {"Fear": 5.556986817599999, "Sadness": 2.628200095, "Happiness": 9.852851576800001, "Excitement": 13.080073094299996, "Anger": 3.9997502660000004}, "1": {"Fear": 9.686071495799998, "Sadness": 8.745638590499999, "Happiness": 13.2900124334, "Excitement": 12.866236462899996, "Anger": 10.814822871900002}, "2": {"Fear": 4.4104208676, "Sadness": 4.6185520735, "Happiness": 2.1888489392000006, "Excitement": 2.555935455, "Anger": 19.443140164700004}, "3": {"Fear": 9.712105643700003, "Sadness": 8.187894078100003, "Happiness": 4.499399826299999, "Excitement": 5.951439604700002, "Anger": 11.885153706499999}, "4": {"Fear": 5.4218011057, "Sadness": 7.554415010800001, "Happiness": 2.2547368995, "Excitement": 3.1364853823, "Anger": 12.907582007199998}, "5": {"Fear": 1.8415890427999997, "Sadness": 1.6198470736999997, "Happiness": 2.8343169056999997, "Excitement": 5.758587497599999, "Anger": 5.5815199658}, "6": {"Fear": 0.774809293, "Sadness": 1.1327241369, "Happiness": 3.9512718170000003, "Excitement": 1.4667387979000002, "Anger": 0.45329495849999996}, "7": {"Fear": 11.125897912100001, "Sadness": 6.347302230300001, "Happiness": 5.5017435638, "Excitement": 8.516645531299998, "Anger": 5.9773438456}, "8": {"Fear": 10.832771485799997, "Sadness": 8.600520508999997, "Happiness": 3.1072726964999995, "Excitement": 3.7474821711999993, "Anger": 4.920992619500001}, "9": {"Fear": 2.6331440830000004, "Sadness": 5.209059884100001, "Happiness": 0.9029866269000001, "Excitement": 0.8170587087, "Anger": 1.9485986722}}