{"0": {"Fear": 29.154971168100012, "Sad": 21.939363863999997, "Bored": 7.283667363000002, "Happy": 27.313381019299992, "Excited": 33.774270407699994, "Angry": 31.5343461775, "Surprise": 143.71633263700008}, "1": {"Fear": 5.0151013341, "Sad": 4.978765822000001, "Bored": 7.460695564299998, "Happy": 2.0274223464000003, "Excited": 3.0166173365999995, "Angry": 4.501397596499999, "Surprise": 19.5393044357}, "2": {"Fear": 10.924429162599996, "Sad": 13.221128969999993, "Bored": 6.264021541700001, "Happy": 4.158571561200001, "Excited": 5.286450718499999, "Angry": 32.1453980478, "Surprise": 65.73597845830001}, "3": {"Fear": 12.929452269499997, "Sad": 11.756691086299998, "Bored": 2.3925723155000003, "Happy": 3.5438624739999995, "Excited": 4.0496301204, "Angry": 6.327791734600002, "Surprise": 38.607427684499996}, "4": {"Fear": 3.971643812799999, "Sad": 2.7482039396000006, "Bored": 0.7469687188999997, "Happy": 11.340203884200001, "Excited": 11.7697141227, "Angry": 3.4232655215000003, "Surprise": 33.25303128109999}}