{"0": {"Aggressiveness": 65.3086165852, "Pessimism": 55.71363427169999, "Optimism": 61.08765142699998, "Confusion": 177.49060304470007, "Anxiety": 62.929241575800006, "Envy": 53.4737100415, "Pride": 58.847727196799994, "Outrage": 175.25067881450008, "Frozenness": 60.68931734560002, "Disapproval": 165.65569650100008, "Despair": 51.094335032100005, "Delight": 171.02971365630006, "Guilt": 56.4683521874, "Awe": 172.8713038051001}, "1": {"Aggressiveness": 7.518014933099998, "Pessimism": 7.9953831586, "Optimism": 5.044039682999999, "Confusion": 22.5559217723, "Anxiety": 8.031718670699998, "Envy": 9.480163418499998, "Pride": 6.5288199428999985, "Outrage": 24.0407020322, "Frozenness": 9.516498930599997, "Disapproval": 24.5180702577, "Despair": 9.9938671561, "Delight": 21.5667267821, "Guilt": 7.0425236805, "Awe": 24.5544057698}, "2": {"Aggressiveness": 37.4318487663, "Pessimism": 18.507579688499995, "Optimism": 9.445022279700002, "Confusion": 71.02242917680002, "Anxiety": 16.210879881099995, "Envy": 45.366527017799996, "Pride": 36.303969609, "Outrage": 97.88137650610001, "Frozenness": 43.06982721039999, "Disapproval": 78.9571074283, "Despair": 24.145558132599987, "Delight": 69.89455001950002, "Guilt": 15.083000723799998, "Awe": 76.6604076209}, "3": {"Aggressiveness": 10.377421855000001, "Pessimism": 15.806321206699998, "Optimism": 7.593492594399999, "Confusion": 42.65705780489999, "Anxiety": 16.979082389899997, "Envy": 18.0844828209, "Pride": 9.8716542086, "Outrage": 44.935219419099994, "Frozenness": 19.2572440041, "Disapproval": 50.36411877079999, "Despair": 24.686143355799995, "Delight": 42.1512901585, "Guilt": 16.473314743499998, "Awe": 51.53687995399999}, "4": {"Aggressiveness": 15.192979644200001, "Pessimism": 14.517918062300001, "Optimism": 23.109918006900003, "Confusion": 45.022745403799995, "Anxiety": 15.741357935499998, "Envy": 6.171469461100001, "Pride": 14.7634694057, "Outrage": 36.67629680259999, "Frozenness": 7.394909334299999, "Disapproval": 36.001235220699996, "Despair": 6.7198477524, "Delight": 44.593235165299994, "Guilt": 15.311847697000001, "Awe": 37.22467509389999}}