{
    "0": {
        "Aggressiveness": 42.680916451499996,
        "Pessimism": 39.919611177499995,
        "Optimism": 54.507184182299994,
        "Anxiety": 43.43091596149999,
        "Envy": 27.7744309188,
        "Pride": 42.3620039236,
        "Frozenness": 31.285735702799997,
        "Despair": 28.524430428799995,
        "Guilt": 43.112003433599995
    },
    "1": {
        "Aggressiveness": 21.999075619700005,
        "Pessimism": 7.1744875285,
        "Optimism": 4.744784394200001,
        "Anxiety": 6.9663563226,
        "Envy": 24.061692238200003,
        "Pride": 21.631989103900004,
        "Frozenness": 23.853561032300004,
        "Despair": 9.028972941100001,
        "Guilt": 6.599269806800001
    },
    "2": {
        "Aggressiveness": 17.8365933112,
        "Pessimism": 14.139333682800004,
        "Optimism": 10.450839431,
        "Anxiety": 15.663545248400006,
        "Envy": 20.0730477846,
        "Pride": 16.3845535328,
        "Frozenness": 21.5972593502,
        "Despair": 17.899999721800008,
        "Guilt": 14.211505470000002
    },
    "3": {
        "Aggressiveness": 16.0440673895,
        "Pessimism": 10.690900393100002,
        "Optimism": 5.3912222818,
        "Anxiety": 8.558286488,
        "Envy": 20.461997017999998,
        "Pride": 15.162318906699998,
        "Frozenness": 18.329383112899997,
        "Despair": 12.976216116500002,
        "Guilt": 7.6765380052
    },
    "4": {
        "Aggressiveness": 11.340107463399999,
        "Pessimism": 7.378434571299999,
        "Optimism": 8.592904403299999,
        "Anxiety": 7.600176540399999,
        "Envy": 7.2013670395,
        "Pride": 8.4158368715,
        "Frozenness": 7.4231090086,
        "Despair": 3.4614361164999994,
        "Guilt": 4.6759059485
    },
    "5": {
        "Aggressiveness": 14.493989376899998,
        "Pessimism": 14.863947761599999,
        "Optimism": 14.018389095099998,
        "Anxiety": 19.6425434434,
        "Envy": 12.324646075900002,
        "Pride": 11.4790874094,
        "Frozenness": 17.1032417577,
        "Despair": 17.473200142400003,
        "Guilt": 16.6276414759
    },
    "6": {
        "Aggressiveness": 11.4341321716,
        "Pessimism": 18.374121272999993,
        "Optimism": 8.5748002033,
        "Anxiety": 18.030456448699997,
        "Envy": 20.679171684799996,
        "Pride": 10.8798506151,
        "Frozenness": 20.335506860499997,
        "Despair": 27.275495961899992,
        "Guilt": 17.4761748922
    }
}