{
    "0": {
        "Fear": 16.017867606399996,
        "Sadness": 12.5065628224,
        "Happiness": 27.094135827199995,
        "Excitement": 27.413048355099995,
        "Anger": 15.2678680964
    },
    "1": {
        "Fear": 4.4104208676,
        "Sadness": 4.6185520735,
        "Happiness": 2.1888489392000006,
        "Excitement": 2.555935455,
        "Anger": 19.443140164700004
    },
    "2": {
        "Fear": 9.712105643700003,
        "Sadness": 8.187894078100003,
        "Happiness": 4.499399826299999,
        "Excitement": 5.951439604700002,
        "Anger": 11.885153706499999
    },
    "3": {
        "Fear": 5.4218011057,
        "Sadness": 7.554415010800001,
        "Happiness": 2.2547368995,
        "Excitement": 3.1364853823,
        "Anger": 12.907582007199998
    },
    "4": {
        "Fear": 1.8415890427999997,
        "Sadness": 1.6198470736999997,
        "Happiness": 2.8343169056999997,
        "Excitement": 5.758587497599999,
        "Anger": 5.5815199658
    },
    "5": {
        "Fear": 11.125897912100001,
        "Sadness": 6.347302230300001,
        "Happiness": 5.5017435638,
        "Excitement": 8.516645531299998,
        "Anger": 5.9773438456
    },
    "6": {
        "Fear": 13.465915568799998,
        "Sadness": 13.809580393099996,
        "Happiness": 4.010259323400001,
        "Excitement": 4.564540879899999,
        "Anger": 6.869591291700001
    }
}