{
    "0": {
        "Excited": 0.1992910711,
        "Angry": 0.1855693463,
        "Sad": 0.1980180619,
        "Happy": 0.1657489007,
        "Bored": 0.07753018,
        "Fear": 0.1738424401
    },
    "1": {
        "Excited": 0.073048063,
        "Angry": 0.1902182614,
        "Sad": 0.3875358698,
        "Happy": 0.1173344067,
        "Bored": 0.0659310903,
        "Fear": 0.1659323087
    },
    "2": {
        "Excited": 0.1222760674,
        "Angry": 0.2505142421,
        "Sad": 0.2747176034,
        "Happy": 0.127094931,
        "Bored": 0.0501585835,
        "Fear": 0.1752385726
    }
}