{"0": {"Fear": 33.16065576230001, "Sad": 36.7064609145, "Bored": 16.699885419299996, "Happy": 17.140663741500003, "Excited": 22.5829598685, "Angry": 60.70937429369999, "Surprise": 170.3001145806998}, "1": {"Fear": 19.590315710300008, "Sad": 12.169723796500003, "Bored": 4.0761702964, "Happy": 40.33495056390001, "Excited": 48.69734968130001, "Angry": 20.131489950699994, "Surprise": 140.92382970359995}, "2": {"Fear": 36.86290689700001, "Sad": 33.62013173890002, "Bored": 8.284269343200007, "Happy": 11.8198318815, "Excited": 15.136418906099992, "Angry": 23.276441232599993, "Surprise": 120.7157306568}, "3": {"Fear": 4.220577899299999, "Sad": 5.6393061855, "Bored": 1.8655122326000002, "Happy": 1.8538786520999997, "Excited": 2.6016898865999996, "Angry": 19.8190351438, "Surprise": 34.134487767399996}, "4": {"Fear": 25.02525864490001, "Sad": 19.79537194719999, "Bored": 7.091640579699998, "Happy": 30.064974242400005, "Excited": 33.648329303400004, "Angry": 29.3744252819, "Surprise": 137.90835942030003}}