{
    "0": {
        "Fear": 28.80763329590001,
        "Sadness": 23.085846620299996,
        "Happiness": 32.91249044940001,
        "Excitement": 38.1041722913,
        "Anger": 34.904142893800014
    },
    "1": {
        "Fear": 16.915628698800003,
        "Sadness": 20.050366247499998,
        "Happiness": 9.677479830399996,
        "Excitement": 12.8160046719,
        "Anger": 40.687058094800015
    },
    "2": {
        "Fear": 32.369077962100015,
        "Sadness": 33.778695286400016,
        "Happiness": 12.618768241100003,
        "Excitement": 15.8275268089,
        "Anger": 33.303606246600005
    },
    "3": {
        "Fear": 0.4260823972000001,
        "Sadness": 0.28025451190000006,
        "Happiness": 0.8370158274,
        "Excitement": 3.8915578209,
        "Anger": 1.2791686884000002
    },
    "4": {
        "Fear": 13.407184312799997,
        "Sadness": 6.5444184469,
        "Happiness": 2.1505265613,
        "Excitement": 3.7388541836,
        "Anger": 3.9792386882999997
    },
    "5": {
        "Fear": 3.4848162464999994,
        "Sadness": 4.846790468900002,
        "Happiness": 1.3313988995999997,
        "Excitement": 1.8856756056999997,
        "Anger": 17.6558176052
    },
    "6": {
        "Fear": 7.5709521454000015,
        "Sadness": 4.649345862999999,
        "Happiness": 19.415880466300006,
        "Excitement": 19.7859303575,
        "Anger": 7.757903154100002
    },
    "7": {
        "Fear": 3.7017574158000004,
        "Sadness": 7.389210174799999,
        "Happiness": 1.7688197087000002,
        "Excitement": 1.664646142,
        "Anger": 2.7913540332999993
    },
    "8": {
        "Fear": 10.565559636499998,
        "Sadness": 6.2668131589,
        "Happiness": 12.452752043099999,
        "Excitement": 20.796161415799997,
        "Anger": 9.0672558274
    },
    "9": {
        "Fear": 1.6110228028000002,
        "Sadness": 1.039253804,
        "Happiness": 8.0491670541,
        "Excitement": 4.1562183482999995,
        "Anger": 1.8852206708
    }
}