{"0": {"Aggressiveness": 73.00831518510002, "Pessimism": 61.1900189116, "Optimism": 71.01666274070001, "Anxiety": 66.9118055872, "Envy": 57.98998951410001, "Pride": 67.81663334320002, "Frozenness": 63.711776189700025, "Despair": 51.89347991620001, "Guilt": 61.72012374530002}, "1": {"Aggressiveness": 102.63419582219998, "Pessimism": 82.47259301469995, "Optimism": 50.93977955229999, "Anxiety": 77.92823814169998, "Envy": 127.81972587529995, "Pride": 96.28691241289998, "Frozenness": 123.27537100229996, "Despair": 103.11376819479993, "Guilt": 71.58095473239996}, "2": {"Aggressiveness": 5.1707265093000006, "Pessimism": 4.1718123328, "Optimism": 4.7285736483, "Anxiety": 4.3176402181, "Envy": 1.5594232003000004, "Pride": 2.1161845158, "Frozenness": 1.7052510856000003, "Despair": 0.7063369091000001, "Guilt": 1.2630982246000002}, "3": {"Aggressiveness": 12.1740930472, "Pessimism": 19.3371289473, "Optimism": 9.322846595599998, "Anxiety": 22.512442054199997, "Envy": 20.7042213433, "Pride": 10.689938991599998, "Frozenness": 23.879534450199998, "Despair": 31.042570350299997, "Guilt": 21.028287998599996}, "4": {"Aggressiveness": 19.5414932109, "Pessimism": 6.732466074600001, "Optimism": 3.2170745052999994, "Anxiety": 5.370491852199999, "Envy": 22.502608074100003, "Pride": 18.9872165048, "Frozenness": 21.1406338517, "Despair": 8.331606715400001, "Guilt": 4.816215146099999}, "5": {"Aggressiveness": 63.4486897739, "Pessimism": 56.69372294749999, "Optimism": 84.6561096851, "Anxiety": 64.48584470630001, "Envy": 30.66579247820001, "Pride": 58.62817921580002, "Frozenness": 38.457914237000026, "Despair": 31.70294741060001, "Guilt": 59.66533414820002}}