{"0": {"Aggressiveness": 78.17904169440003, "Pessimism": 65.36183124440001, "Optimism": 75.74523638900001, "Anxiety": 71.22944580530002, "Envy": 59.54941271440002, "Pride": 69.93281785900004, "Frozenness": 65.41702727530003, "Despair": 52.59981682530001, "Guilt": 62.98322196990002}, "1": {"Aggressiveness": 102.63419582219998, "Pessimism": 82.47259301469995, "Optimism": 50.93977955229999, "Anxiety": 77.92823814169998, "Envy": 127.81972587529995, "Pride": 96.28691241289998, "Frozenness": 123.27537100229996, "Despair": 103.11376819479993, "Guilt": 71.58095473239996}, "2": {"Aggressiveness": 12.1740930472, "Pessimism": 19.3371289473, "Optimism": 9.322846595599998, "Anxiety": 22.512442054199997, "Envy": 20.7042213433, "Pride": 10.689938991599998, "Frozenness": 23.879534450199998, "Despair": 31.042570350299997, "Guilt": 21.028287998599996}, "3": {"Aggressiveness": 19.5414932109, "Pessimism": 6.732466074600001, "Optimism": 3.2170745052999994, "Anxiety": 5.370491852199999, "Envy": 22.502608074100003, "Pride": 18.9872165048, "Frozenness": 21.1406338517, "Despair": 8.331606715400001, "Guilt": 4.816215146099999}, "4": {"Aggressiveness": 63.4486897739, "Pessimism": 56.69372294749999, "Optimism": 84.6561096851, "Anxiety": 64.48584470630001, "Envy": 30.66579247820001, "Pride": 58.62817921580002, "Frozenness": 38.457914237000026, "Despair": 31.70294741060001, "Guilt": 59.66533414820002}}