{"0": {"Aggressiveness": 83.29233416219999, "Pessimism": 59.289420783, "Optimism": 39.723623610000004, "Confusion": 192.88307444919982, "Anxiety": 55.74361563080001, "Envy": 97.41583520819998, "Pride": 77.85003803519999, "Outrage": 231.0094888743998, "Frozenness": 93.87003005599999, "Bittersweetness": 53.847124656000005, "Disapproval": 207.0065754951998, "Despair": 69.86711667680001, "Delight": 187.4407783221998, "Guilt": 50.301319503800016, "Awe": 203.4607703429998}, "1": {"Aggressiveness": 68.82883963200001, "Pessimism": 60.86707347780001, "Optimism": 89.03230024520002, "Confusion": 189.62117938489996, "Anxiety": 68.28766539160002, "Envy": 32.301213747199995, "Pride": 60.4664405146, "Outrage": 161.05531965429995, "Frozenness": 39.721805661000005, "Bittersweetness": 52.50467436040001, "Disapproval": 153.09355350009994, "Despair": 31.760039506800013, "Delight": 181.25878026749996, "Guilt": 59.92526627420001, "Awe": 160.51414541389997}, "2": {"Aggressiveness": 38.41286013869998, "Pessimism": 48.75655064500001, "Optimism": 26.95625078759999, "Confusion": 135.8521495629, "Anxiety": 51.9993258031, "Envy": 56.896572971500014, "Pride": 35.09627311409999, "Outrage": 143.9921718894, "Frozenness": 60.1393481296, "Bittersweetness": 45.43996362040002, "Disapproval": 154.33586239570002, "Despair": 70.48303863590003, "Delight": 132.5355625383, "Guilt": 48.68273877850001, "Awe": 157.5786375538}, "3": {"Aggressiveness": 22.4207250304, "Pessimism": 8.2409960721, "Optimism": 4.4555685387, "Confusion": 36.736177653999995, "Anxiety": 6.822267785899999, "Envy": 25.4583413293, "Pride": 21.6729137959, "Outrage": 53.9535229112, "Frozenness": 24.0396130431, "Bittersweetness": 7.493184837599999, "Disapproval": 39.77379395289999, "Despair": 9.8598840848, "Delight": 35.9883664195, "Guilt": 6.074456551399999, "Awe": 38.35506566669999}, "4": {"Aggressiveness": 63.02275458530001, "Pessimism": 53.44370125059999, "Optimism": 63.71330354580001, "Confusion": 171.55668872370003, "Anxiety": 58.67358794830001, "Envy": 49.169797229099984, "Pride": 59.4393995243, "Outrage": 167.28278470220002, "Frozenness": 54.39968392680001, "Bittersweetness": 49.860346189599994, "Disapproval": 157.7037313675, "Despair": 44.8206305921, "Delight": 167.97333366270004, "Guilt": 55.09023288730002, "Awe": 162.93361806520005}}