{"0": {"Fear": 29.23371569310001, "Sadness": 23.3661011322, "Happiness": 33.74950627680001, "Excitement": 41.99573011220001, "Anger": 36.18331158220002}, "1": {"Fear": 49.28470666089997, "Sadness": 53.82906153389996, "Happiness": 22.29624807149999, "Excitement": 28.6435314808, "Anger": 73.99066434139999}, "2": {"Fear": 17.108941728599998, "Sadness": 13.9336286217, "Happiness": 3.919346269999999, "Excitement": 5.403500325599999, "Anger": 6.7705927216}, "3": {"Fear": 3.4848162464999994, "Sadness": 4.846790468900002, "Happiness": 1.3313988995999997, "Excitement": 1.8856756056999997, "Anger": 17.6558176052}, "4": {"Fear": 19.747534584700013, "Sadness": 11.9554128259, "Happiness": 39.917799563500004, "Excitement": 44.738310121599994, "Anger": 18.71037965230001}}