{"0": {"Excited": 0.6832620357999999, "Angry": 1.7680796132, "Sad": 1.4427971922, "Happy": 0.6146713704000001, "Bored": 0.43876018470000006, "Fear": 1.0524296037}, "1": {"Excited": 0.9322045239, "Angry": 0.3345124936, "Sad": 0.08505704600000001, "Happy": 1.3426173734, "Bored": 0.0523886493, "Fear": 0.253219914}, "2": {"Excited": 1.914384985, "Angry": 1.6551071544, "Sad": 1.5994457039, "Happy": 1.7917404648999997, "Bored": 0.384018381, "Fear": 1.6553033109000002}}