{"0": {"Excited": 3.7286526130999995, "Angry": 2.5125409569, "Sad": 2.0550167847000003, "Happy": 3.5329460547, "Bored": 0.5660305847999999, "Fear": 2.6048130059000005}, "1": {"Excited": 1.8507177275, "Angry": 5.104539132399999, "Sad": 3.5998431246000004, "Happy": 1.486326765, "Bored": 1.7191874544999999, "Fear": 3.2393857957000005}, "2": {"Excited": 0.9347117988, "Angry": 0.2738409126, "Sad": 0.0641882463, "Happy": 1.4847913377, "Bored": 0.0425012673, "Fear": 0.19996643760000002}, "3": {"Excited": 0.5852395882, "Angry": 2.3418927143, "Sad": 0.5418390747, "Happy": 0.5979268596, "Bored": 0.3375778868, "Fear": 0.5955238766}, "4": {"Excited": 0.6292313853, "Angry": 0.9616657237999999, "Sad": 1.4708227142, "Happy": 0.8355507882, "Bored": 0.2863433258, "Fear": 0.8163860625999999}}