{"0": {"Guilt": 7.5711001477, "Delight": 5.984993113800001, "Pride": 11.327901983300002, "Despair": 10.2638006484, "Disappointment": 8.6776936145, "Envy": 14.020602484000001, "Alarm": 7.7164844359, "Outrage": 11.473286271500001}, "1": {"Guilt": 6.1377590606000005, "Delight": 7.2615986677999995, "Pride": 6.045487011600001, "Despair": 4.659829790600001, "Disappointment": 5.7836693978, "Envy": 4.5675577416, "Alarm": 6.333465619, "Outrage": 6.24119357}, "2": {"Guilt": 1.6847577753, "Delight": 2.4195031365, "Pride": 1.7586322502999998, "Despair": 0.2641546839, "Disappointment": 0.9989000451, "Envy": 0.33802915889999996, "Alarm": 1.1346782364, "Outrage": 1.2085527113999999}}