{"0": {"Guilt": 1.6671009741000002, "Delight": 1.2979334061999999, "Pride": 2.3827509836000003, "Despair": 2.4952267959, "Disappointment": 2.126059228, "Envy": 3.2108768054, "Alarm": 1.7356916395, "Outrage": 2.4513416489999997}, "1": {"Guilt": 1.5958372874, "Delight": 2.2748218973, "Pride": 1.677129867, "Despair": 0.33827696, "Disappointment": 1.0172615699, "Envy": 0.41956953960000004, "Alarm": 1.1854244379, "Outrage": 1.2667170175}, "2": {"Guilt": 3.4470437758, "Delight": 3.7061254499, "Pride": 3.4468476192999997, "Despair": 3.2547490148000002, "Disappointment": 3.5138306889, "Envy": 3.2545528583000003, "Alarm": 3.5696882959000003, "Outrage": 3.5694921394000003}}