{"0": {"Excitement": 4.771042554800001, "Happiness": 3.1076875627000002, "Sadness": 8.741263661499998, "Fear": 6.927680644199999, "Anger": 29.8292768336}, "1": {"Excitement": 2.9210527464000005, "Happiness": 2.1938398400000003, "Sadness": 9.7401606402, "Fear": 11.3541126134, "Anger": 4.174949770099999}, "2": {"Excitement": 16.5366879244, "Happiness": 12.693702621699996, "Sadness": 16.361739208900005, "Fear": 14.551157296099996, "Anger": 29.636174890499987}, "3": {"Excitement": 12.810042704299995, "Happiness": 7.800111275200002, "Sadness": 9.758441489199997, "Fear": 13.7275591024, "Anger": 8.728546146699998}, "4": {"Excitement": 7.7393903795000005, "Happiness": 4.3277183416, "Sadness": 0.6307596769000001, "Fear": 1.5323163975, "Anger": 2.4651291790999994}, "5": {"Excitement": 8.5135916451, "Happiness": 10.2696276049, "Sadness": 2.2224910746000006, "Fear": 2.6005916721, "Anger": 2.9122698230000004}, "6": {"Excitement": 23.209767638399995, "Happiness": 18.0659763658, "Sadness": 8.849874813700001, "Fear": 13.144633486600005, "Anger": 13.365720558999996}, "7": {"Excitement": 0.24350159219999998, "Happiness": 0.2554503466, "Sadness": 2.9107162658, "Fear": 0.7658730681, "Anger": 0.6268306861999999}, "8": {"Excitement": 1.6494951238, "Happiness": 1.3543241862000002, "Sadness": 8.384630385000001, "Fear": 4.891642572000001, "Anger": 8.775567792999999}, "9": {"Excitement": 5.107958022199999, "Happiness": 3.696677739899999, "Sadness": 8.8815380633, "Fear": 10.6204561423, "Anger": 10.778917500599999}}