{"0": {"Excited": 3.9374305286999998, "Happy": 2.988199074300001, "Bored": 3.3167295912000005, "Sad": 19.544474817399998, "Fear": 15.810009770699999, "Angry": 13.403156217599998, "Surprise": 55.68327040879999}, "1": {"Excited": 33.6752722089, "Happy": 25.618539828400007, "Bored": 8.1174941853, "Sad": 17.8929900742, "Fear": 23.810369566199988, "Angry": 28.88533413749999, "Surprise": 129.8825058147}, "2": {"Excited": 7.7307337568999985, "Happy": 5.259411623099998, "Bored": 5.379399706800004, "Sad": 13.824927464, "Fear": 10.957935801099994, "Angry": 38.84759164710001, "Surprise": 76.62060029319997}, "3": {"Excited": 21.979843981600002, "Happy": 18.9916918632, "Bored": 1.2255245119999998, "Sad": 4.2251281095, "Fear": 6.521297107899998, "Angry": 8.0565144258, "Surprise": 59.774475488}, "4": {"Excited": 16.179249855, "Happy": 10.907273495599998, "Bored": 10.802184331899994, "Sad": 20.994094814, "Fear": 23.01641074880001, "Angry": 22.10078675380001, "Surprise": 93.19781566809998}}