{"0": {"Aggressiveness": 45.0253823052, "Pessimism": 23.5464317251, "Optimism": 10.882549427500003, "Anxiety": 18.239860894800003, "Envy": 55.73073867309999, "Pride": 43.066856375499995, "Frozenness": 50.4241678428, "Despair": 28.945217262699998, "Guilt": 16.2813349651}, "1": {"Aggressiveness": 7.096002516499999, "Pessimism": 12.6612133866, "Optimism": 5.114892586400001, "Anxiety": 14.2751653598, "Envy": 13.915110410299999, "Pride": 6.3687896100999986, "Frozenness": 15.529062383499998, "Despair": 21.0942732536, "Guilt": 13.5479524534}, "2": {"Aggressiveness": 46.172862814899986, "Pessimism": 32.898427133300004, "Optimism": 29.230390546099997, "Anxiety": 31.087845220499993, "Envy": 45.99791409939999, "Pride": 42.329877512199985, "Frozenness": 44.18733218659998, "Despair": 30.912896505, "Guilt": 27.244859917799992}, "3": {"Aggressiveness": 21.538588850999993, "Pessimism": 22.56848419349999, "Optimism": 20.610153979499998, "Anxiety": 26.537601806699996, "Envy": 18.486987635899993, "Pride": 16.5286574219, "Frozenness": 22.4561052491, "Despair": 23.486000591599996, "Guilt": 21.527670377600003}, "4": {"Aggressiveness": 58.2058692241, "Pessimism": 51.16587522820001, "Optimism": 72.12607197530002, "Anxiety": 56.7402912192, "Envy": 30.4462451263, "Pride": 51.40644187340001, "Frozenness": 36.0206611173, "Despair": 28.980667121400003, "Guilt": 49.94086386850002}, "5": {"Aggressiveness": 0.8703322783999999, "Pessimism": 3.154217858, "Optimism": 0.4989519388, "Anxiety": 1.0093746603, "Envy": 3.537546952, "Pride": 0.8822810327999999, "Frozenness": 1.3927037542999998, "Despair": 3.6765893339, "Guilt": 1.0213234146999999}, "6": {"Aggressiveness": 15.886875522799997, "Pessimism": 13.9894960855, "Optimism": 8.804635762099998, "Anxiety": 15.728414164499998, "Envy": 19.6604555639, "Pride": 14.475595240499997, "Frozenness": 21.3993736429, "Despair": 19.5019942056, "Guilt": 14.317133882199998}}