{"0": {"Aggressiveness": 17.340586746299998, "Pessimism": 23.481905346099996, "Optimism": 6.925629603000001, "Confusion": 59.62070093749999, "Anxiety": 19.747440299399997, "Envy": 32.94763103499999, "Pride": 16.3913552919, "Outrage": 69.08642662639998, "Frozenness": 29.2131659883, "Disapproval": 75.22774522619999, "Despair": 35.35448458809999, "Delight": 58.67146948309999, "Guilt": 18.798208845, "Awe": 71.49328017949999}, "1": {"Aggressiveness": 62.560606346399986, "Pessimism": 51.5682622831, "Optimism": 59.2938120373, "Confusion": 163.5577780236, "Anxiety": 57.485641775099985, "Envy": 46.77832421169999, "Pride": 54.5038739659, "Outrage": 158.7678399522, "Frozenness": 52.69570370369998, "Disapproval": 147.77549588890002, "Despair": 41.70335964039999, "Delight": 155.5010456431, "Guilt": 49.4289093946, "Awe": 153.6928753809}, "2": {"Aggressiveness": 46.57832540400001, "Pessimism": 21.5556612209, "Optimism": 12.990145379999998, "Confusion": 84.35133405009996, "Anxiety": 18.688669557999994, "Envy": 52.67251911110001, "Pride": 44.10700327020001, "Outrage": 115.46819194029999, "Frozenness": 49.8055274482, "Disapproval": 90.44552775719997, "Despair": 24.782863265099994, "Delight": 81.88001191629996, "Guilt": 16.217347424199993, "Awe": 87.57853609429996}, "3": {"Aggressiveness": 30.0363584074, "Pessimism": 26.204972091100004, "Optimism": 40.9715358448, "Confusion": 81.7543194696, "Anxiety": 28.5011410895, "Envy": 12.2816425353, "Pride": 27.048206289, "Outrage": 67.8309899138, "Frozenness": 14.577811533699997, "Disapproval": 63.9996035975, "Despair": 10.746425217399999, "Delight": 78.7661673512, "Guilt": 25.512988971099997, "Awe": 66.2957725959}, "4": {"Aggressiveness": 38.2800366088, "Pessimism": 37.173344669, "Optimism": 27.086523350599997, "Confusion": 109.37706552309997, "Anxiety": 39.19566060380001, "Envy": 43.09488156780001, "Pride": 33.0080602494, "Outrage": 115.29860242189999, "Frozenness": 45.11719750260002, "Disapproval": 114.19191048209998, "Despair": 44.010505562800006, "Delight": 104.10508916369997, "Guilt": 33.92368424440001, "Awe": 116.21422641689999}}