{"0": {"Excitement": 6.4205376786000015, "Happiness": 4.4620117489, "Sadness": 17.125894046499997, "Fear": 11.8193232162, "Anger": 38.6048446266}, "1": {"Excitement": 2.9210527464000005, "Happiness": 2.1938398400000003, "Sadness": 9.7401606402, "Fear": 11.3541126134, "Anger": 4.174949770099999}, "2": {"Excitement": 16.5366879244, "Happiness": 12.693702621699996, "Sadness": 16.361739208900005, "Fear": 14.551157296099996, "Anger": 29.636174890499987}, "3": {"Excitement": 12.810042704299995, "Happiness": 7.800111275200002, "Sadness": 9.758441489199997, "Fear": 13.7275591024, "Anger": 8.728546146699998}, "4": {"Excitement": 39.462749663000004, "Happiness": 32.66332231230001, "Sadness": 11.7031255652, "Fear": 17.277541556200003, "Anger": 18.7431195611}, "5": {"Excitement": 0.24350159219999998, "Happiness": 0.2554503466, "Sadness": 2.9107162658, "Fear": 0.7658730681, "Anger": 0.6268306861999999}, "6": {"Excitement": 5.107958022199999, "Happiness": 3.696677739899999, "Sadness": 8.8815380633, "Fear": 10.6204561423, "Anger": 10.778917500599999}}