{"0": {"Happy": 15.533179475399995, "Angry": 38.5961443146, "Excited": 19.05787587230001, "Fear": 48.808538645899965, "Bored": 22.827263048200003, "Sad": 66.17699864290002}, "1": {"Happy": 84.85892831560011, "Angry": 81.50576754770006, "Excited": 81.81380808600002, "Fear": 73.92574976160003, "Bored": 23.191720859300023, "Sad": 69.70402542919996}, "2": {"Happy": 15.781844705699998, "Angry": 80.89363870470001, "Excited": 19.13707872980001, "Fear": 28.099950740300002, "Bored": 13.2648336227, "Sad": 33.822653496699985}, "3": {"Happy": 59.27920159920005, "Angry": 23.725829782299996, "Excited": 69.73958098050001, "Fear": 23.615840837699977, "Bored": 5.343560121000002, "Sad": 11.295986679099997}, "4": {"Happy": 30.136535546500006, "Angry": 5.854867687299997, "Excited": 9.715420080299996, "Fear": 3.597688168100003, "Bored": 0.5995553633000003, "Sad": 4.0959331541}}