{
    "0": {
        "Happy": 29.131065819800007,
        "Angry": 133.01750181140008,
        "Excited": 32.97227743920001,
        "Fear": 44.44383936259999,
        "Bored": 22.858616424699996,
        "Sad": 53.57669914229997
    },
    "1": {
        "Happy": 117.97181190270005,
        "Angry": 44.7282208309,
        "Excited": 117.6409004468,
        "Fear": 40.559407366100004,
        "Bored": 9.041294116600001,
        "Sad": 23.058365336499982
    },
    "2": {
        "Happy": 34.45726888630001,
        "Angry": 68.45506154989994,
        "Excited": 41.05917098109998,
        "Fear": 77.65297697279998,
        "Bored": 33.94783653240002,
        "Sad": 74.42768507760005
    },
    "3": {
        "Happy": 94.17701315220005,
        "Angry": 75.77854011229998,
        "Excited": 95.97195571099986,
        "Fear": 77.81110518689995,
        "Bored": 24.73168397920001,
        "Sad": 59.52970186019998
    },
    "4": {
        "Happy": 13.0296935672,
        "Angry": 20.3053225398,
        "Excited": 10.619591375800004,
        "Fear": 24.7016464996,
        "Bored": 6.053542424799996,
        "Sad": 57.29020359270001
    }
}