{"0": {"Happy": 25.85046537309999, "Angry": 131.41866880870003, "Excited": 29.73426929460001, "Fear": 48.32194989249998, "Bored": 24.45344481569999, "Sad": 58.22120181609999, "Surprise": 293.54655518429973}, "1": {"Happy": 22.297092462400006, "Angry": 43.76737975899997, "Excited": 21.951558635800005, "Fear": 54.0924913638, "Bored": 13.866963493100004, "Sad": 86.02451428580007, "Surprise": 228.13303650690003}, "2": {"Happy": 113.18458399100001, "Angry": 106.79812158910002, "Excited": 115.78212867329998, "Fear": 104.02046918829994, "Bored": 26.997013733500005, "Sad": 87.21768282649998, "Surprise": 527.0029862665}, "3": {"Happy": 114.3897632577001, "Angry": 40.6359710296, "Excited": 114.50790061230002, "Fear": 41.07135973510001, "Bored": 9.675304102900004, "Sad": 20.719701262399983, "Surprise": 331.3246958971}, "4": {"Happy": 13.044948243999999, "Angry": 19.664505657900005, "Excited": 16.2880387379, "Fear": 17.6627052083, "Bored": 21.640247332500003, "Sad": 15.6995548185, "Surprise": 82.35975266749999}}