{"0": {"Guilt": 64.34171812129996, "Delight": 34.59105534770001, "Pride": 54.129323789999994, "Despair": 114.98553728879997, "Disappointment": 85.23487451520003, "Envy": 104.77314295750001, "Alarm": 67.86641451819997, "Outrage": 57.654020186900006}, "1": {"Guilt": 158.78467807720014, "Delight": 166.67273640160013, "Pride": 166.36469586330017, "Despair": 143.6297751908, "Disappointment": 151.51783351519998, "Envy": 151.20979297690002, "Alarm": 155.73955784760005, "Outrage": 163.31957563370008}, "2": {"Guilt": 43.881795446, "Delight": 34.918923435500005, "Pride": 96.6754834104, "Despair": 61.92260423699999, "Disappointment": 52.959732226499995, "Envy": 114.7162922014, "Alarm": 47.23702947010001, "Outrage": 100.03071743450002}, "3": {"Guilt": 82.89504243690003, "Delight": 129.01878257970006, "Pride": 83.00503138150005, "Despair": 34.911827516799974, "Disappointment": 81.0355676596, "Envy": 35.02181646139999, "Alarm": 93.35542181819999, "Outrage": 93.4654107628}, "4": {"Guilt": 33.734223714600006, "Delight": 39.851955626800006, "Pride": 35.9914032338, "Despair": 7.693621322200003, "Disappointment": 13.811353234399995, "Envy": 9.950800841399996, "Alarm": 13.313108248399999, "Outrage": 15.570287767599993}}