{"0": {"Aggressiveness": 161.15293810330004, "Pessimism": 87.9554711107, "Optimism": 55.584734667700005, "Confusion": 323.2808244788997, "Anxiety": 78.0562191871, "Envy": 189.63987062480004, "Pride": 157.2691341818, "Outrage": 424.96522399299977, "Frozenness": 179.74061870120002, "Bittersweetness": 84.07166718919999, "Disapproval": 351.76775700039974, "Despair": 106.54315170859996, "Delight": 319.39702055739974, "Guilt": 74.17241526559997, "Awe": 341.8685050767997}, "1": {"Aggressiveness": 65.71893839479998, "Pessimism": 107.97607292160006, "Optimism": 44.248651098200014, "Confusion": 250.08459514270004, "Anxiety": 76.0440499996, "Envy": 129.79189404480005, "Pride": 66.06447222139998, "Outrage": 271.9004162659, "Frozenness": 97.85987112279997, "Bittersweetness": 108.32160674820007, "Disapproval": 314.1575507927001, "Despair": 140.11700564960006, "Delight": 250.43012896930003, "Guilt": 76.38958382620001, "Awe": 282.22552787070003}, "2": {"Aggressiveness": 222.5802502624, "Pessimism": 202.99981149979996, "Optimism": 228.9667126643, "Confusion": 642.7851149398, "Anxiety": 219.8025978615999, "Envy": 194.0158044156, "Pride": 219.98270558010003, "Outrage": 633.8011078556, "Frozenness": 210.81859077739995, "Bittersweetness": 200.4022668175, "Disapproval": 614.220669093, "Despair": 191.23815201479994, "Delight": 640.1875702575, "Guilt": 217.20505317929997, "Awe": 631.0234554547999}, "3": {"Aggressiveness": 155.14387164190003, "Pessimism": 135.2276018747, "Optimism": 228.89766387000012, "Confusion": 445.83259650940005, "Anxiety": 155.57926034740004, "Envy": 61.35567229199998, "Pride": 155.0257342873001, "Outrage": 371.9606669267, "Frozenness": 81.7073307647, "Bittersweetness": 135.1094645201001, "Disapproval": 352.0443971595, "Despair": 61.7910609975, "Delight": 445.7144591548001, "Guilt": 155.4611229928001, "Awe": 372.39605563220005}, "4": {"Aggressiveness": 35.952544395800004, "Pessimism": 31.9875935564, "Optimism": 29.3329869819, "Confusion": 98.64779140539999, "Anxiety": 33.9507439462, "Envy": 35.364060476400006, "Pride": 32.709453901900005, "Outrage": 102.0242583254, "Frozenness": 37.327210866200005, "Bittersweetness": 28.744503062499998, "Disapproval": 98.059307486, "Despair": 33.3622600268, "Delight": 95.40470091149999, "Guilt": 30.7076534523, "Awe": 100.02245787579999}}