{
    "0": {
        "Guilt": 73.57490518239999,
        "Delight": 62.10334325900002,
        "Pride": 162.14856763120008,
        "Despair": 98.02053850489996,
        "Disappointment": 86.54897658149999,
        "Envy": 186.59420095370007,
        "Alarm": 77.4161168018,
        "Outrage": 165.9897792506001
    },
    "1": {
        "Guilt": 158.53121926880004,
        "Delight": 235.61271234950004,
        "Pride": 162.70003273360004,
        "Despair": 63.617772702599986,
        "Disappointment": 140.69926578329998,
        "Envy": 67.78658616739997,
        "Alarm": 158.2003078129,
        "Outrage": 162.3691212777
    },
    "2": {
        "Guilt": 112.11024585909999,
        "Delight": 75.51643986739998,
        "Pride": 102.91233043619994,
        "Despair": 152.0806620504,
        "Disappointment": 115.48685605870003,
        "Envy": 142.88274662749998,
        "Alarm": 118.71214795389996,
        "Outrage": 109.51423253099992
    },
    "3": {
        "Guilt": 171.9881183391,
        "Delight": 190.1489688631999,
        "Pride": 169.95555326450003,
        "Despair": 137.34080704709993,
        "Disappointment": 155.50165757119984,
        "Envy": 135.30824197249996,
        "Alarm": 173.78306089789982,
        "Outrage": 171.75049582329984
    },
    "4": {
        "Guilt": 37.7313400668,
        "Delight": 23.649284943000005,
        "Pride": 33.335016107,
        "Despair": 81.99185009230001,
        "Disappointment": 67.90979496850001,
        "Envy": 77.59552613250001,
        "Alarm": 35.3212378754,
        "Outrage": 30.9249139156
    }
}