{"0": {"Happiness": 13.2516687823, "Anger": 22.072564959800008, "Excitement": 15.418515053599998, "Fear": 45.848747336900004, "Sadness": 38.748793391199996}, "1": {"Happiness": 49.98142506539999, "Anger": 72.733057049, "Excitement": 57.62006249359997, "Fear": 68.74828580869999, "Sadness": 66.7465188366}, "2": {"Happiness": 160.49912460679994, "Anger": 65.99303878680003, "Excitement": 154.9821542361001, "Fear": 71.8508480694, "Sadness": 45.734672452699996}, "3": {"Happiness": 26.870569174099987, "Anger": 98.45229789049999, "Excitement": 28.03256260700002, "Fear": 47.9090079409, "Sadness": 76.02228470390003}, "4": {"Happiness": 3.3147841521, "Anger": 45.980628848399995, "Excitement": 4.482159447999998, "Fear": 8.229679760000002, "Sadness": 11.343793233400005}, "5": {"Happiness": 24.47355161179999, "Anger": 30.734175799499987, "Excitement": 31.029938350000005, "Fear": 15.8154946653, "Sadness": 12.171552764799996}, "8": {"Happiness": 10.375729935699999, "Anger": 6.318883510299998, "Excitement": 6.698503765599998, "Fear": 6.7669118068, "Sadness": 17.115039626699996}}